{"regist_target_img_scalef": 0.15871756, "tissue_hires_scalef": 0.052905854, "tissue_lowres_scalef": 0.015871756, "fiducial_diameter_fullres": 384.4181041857292, "spot_diameter_fullres": 256.27873053494125}