{"regist_target_img_scalef": 0.21275087, "tissue_hires_scalef": 0.07091696, "tissue_lowres_scalef": 0.021275086, "fiducial_diameter_fullres": 323.0392526606444, "spot_diameter_fullres": 184.59385462814916}