{"regist_target_img_scalef": 0.1533272, "tissue_hires_scalef": 0.051109068, "tissue_lowres_scalef": 0.01533272, "fiducial_diameter_fullres": 383.3196076845379, "spot_diameter_fullres": 255.54640512302527}